0,367,203,N,E,Z,O,E,T,D,J,E,M,I,A,D,P,M,T
0,367,224,H,W,N,A,L,O,L,O,A,H,S,E,T,O,V,R
0,371,264,A,W,Z,E,E,A,L,O,E,E,T,H,D,S,M,O
0,371,272,A,W,Z,O,E,A,L,O,E,T,T,C,R,S,M,I
0,371,273,N,T,N,G,L,E,T,D,A,S,P,E,D,C,J,R
0,371,493,N,R,N,G,L,E,T,N,A,S,P,E,D,C,A,R
0,378,585,N,R,N,A,L,E,T,N,A,S,P,E,D,C,A,R
0,378,667,I,R,N,N,L,E,T,N,A,S,S,E,D,C,A,R
0,527,701,I,I,L,T,P,A,E,D,S,T,R,E,J,T,E,D
0,527,768,L,A,D,A,B,E,T,E,M,R,S,A,T,U,L,A
0,527,886,I,M,L,T,P,A,E,D,S,T,R,E,J,T,E,D
0,1047,891,R,S,A,D,E,C,R,E,T,A,S,E,M,L,O,T
0,1240,1034,I,T,E,D,A,S,A,E,T,L,S,R,E,S,E,H
0,1240,1183,I,T,E,D,A,S,A,E,T,L,T,R,E,S,I,H
0,1240,1252,I,T,E,D,A,S,A,E,T,L,T,R,E,S,I,N
0,3303,1297,A,N,I,R,S,T,A,V,M,L,E,S,S,P,E,R
0,11827,1302,E,R,T,P,E,T,E,R,S,N,A,S,O,I,U,T
0,24610,1376,S,E,A,T,D,N,I,L,O,R,E,S,T,E,S,T
0,29219,1436,R,L,S,H,A,I,P,E,T,N,R,A,U,E,S,N
0,150159,1525,B,L,E,S,T,R,E,T,S,P,A,S,E,L,M,I
1,723631,1550,S,O,I,S,G,N,T,E,S,E,A,R,R,T,N,A
1,798548,1645,T,A,S,T,L,E,R,E,S,I,N,R,T,A,T,O
10,3622871,1684,R,I,S,T,D,A,R,E,C,E,N,I,S,A,T,A
13,4639349,1723,N,M,S,T,O,E,A,E,L,T,R,D,E,C,S,I
24,8092680,1788,B,S,M,L,E,I,A,E,C,N,T,R,A,S,E,T
24,8092680,1805,A,S,M,L,E,I,A,E,C,N,T,R,A,S,E,T
48,15422064,1836,S,T,L,O,E,A,E,L,P,R,I,S,S,T,E,N
48,15422064,1920,S,T,R,O,E,A,E,L,P,R,I,S,S,T,E,N
61,19433619,2033,A,S,E,S,E,N,T,R,I,T,A,I,H,C,S,P
87,27470319,2229,M,E,S,A,T,I,R,T,L,A,P,E,D,E,S,T
336,102411055,2312,T,S,E,T,E,T,A,L,S,R,I,P,B,N,E,D
